timeline,userId,comment
1900-01-01 00:32:10,<행복한치즈감자>,웃겨서
1900-01-01 00:32:10,<콩드리>,슬픈생각...
1900-01-01 00:32:10,<커여운고라니>,ㅋㅋㅋㅋㅋㅋㅋㅋ
1900-01-01 00:32:10,<호돌또기>,웃참실패~
1900-01-01 00:32:10,<뚜웳>,ccaBS
1900-01-01 00:32:10,<8safetyzone8>,다른거
1900-01-01 00:32:10,<루돌프의빨간코>,그만해~~~~
1900-01-01 00:32:11,<bbanggum>,통증...
1900-01-01 00:32:11,<끔뻑꿈뻑>,고모를
1900-01-01 00:32:11,<뿌잉찐>,고모님
1900-01-01 00:32:11,<ma_me_>,ㅋㅋㅋㅋㅋㅋㅋㅋㅋㅋㅋㅋ
1900-01-01 00:32:11,<침스류>,<ㅡ
1900-01-01 00:32:12,<피이에스4>,오히려
1900-01-01 00:32:12,<lightuser2>,자~~~~~~~~~~
1900-01-01 00:32:12,<CarrotCeleryChili>,계속
1900-01-01 00:32:12,<crow362>,이걸
1900-01-01 00:32:12,<dooooooctor>,포기
1900-01-01 00:32:12,<물묻은놈>,읽어줘잉
1900-01-01 00:32:12,<치유혼>,?
1900-01-01 00:32:12,<겨울타는빈스>,고모한테
1900-01-01 00:32:13,<커여운고라니>,??
1900-01-01 00:32:13,<침착하겐다즈>,어허~
1900-01-01 00:32:13,<연미복침착맨>,(안웃긴
1900-01-01 00:32:14,<kihn321>,일기같이
1900-01-01 00:32:14,<안녕안녕안녕로봇>,심오하네요
1900-01-01 00:32:14,<뭬에야>,폐륜입니다
1900-01-01 00:32:15,<도솝>,이거
1900-01-01 00:32:15,<럭키맨님>,ㅋㅋㅋㅋㅋㅋㅋ
1900-01-01 00:32:15,<eseszin>,이걸웃네ㅋㅋ
1900-01-01 00:32:15,<과치비나>,아
1900-01-01 00:32:15,<침조씨사생스타>,가불기네
1900-01-01 00:32:15,<공룡부대찌개>,ㅋㅋㅋㅋㅋㅋㅋㅋㅋ
1900-01-01 00:32:16,<청조아>,참을
1900-01-01 00:32:16,<룩얍준>,ㅋㅋㅋㅋㅋㅋㅋㅋㅋ
1900-01-01 00:32:16,<구구09>,ㅋㅋㅋㅋㅋㅋㅋㅋㅋㅋㅋㅋㅋㅋㅋㅋㅋㅋㅋㅋㅋㅋㅋㅋㅋ
1900-01-01 00:32:16,<dkssud9509>,피
1900-01-01 00:32:17,<시우스>,zzzzzzzz
1900-01-01 00:32:17,<엣큥>,돌리네
1900-01-01 00:32:17,<GoobJabman>,우서?
1900-01-01 00:32:17,<caesar_m_d>,ㅋㅋㅋㅋㅋㅋㅋㅋㅋㅋㅋ
1900-01-01 00:32:17,<오밤별>,ㅋㅋㅋㅋㅋㅋㅋㅋㅋㅋㅋㅋㅋㅋㅋ
1900-01-01 00:32:18,<tlsxlsk>,????
1900-01-01 00:32:18,<ashvse>,이궁금하
1900-01-01 00:32:18,<ubi0806>,ㅋㅋㅋㅋㅋㅋㅋㅋㅋㅋㅋㅋㅋㅋㅋㅋㅋㅋㅋ
1900-01-01 00:32:18,<Heath364>,ㅋㅋㅋㅋㅋㅋㅋㅋㅋㅋㅋㅋㅋㅋㅋㅋㅋㅋㅋㅋㅋㅋㅋㅋㅋㅋㅋㅋ
1900-01-01 00:32:18,<잉여최강>,아
1900-01-01 00:32:18,<이치반초밥무역홀딩스>,ㅋㅋㅋㅋㅋ
1900-01-01 00:32:18,<베델스>,계속
1900-01-01 00:32:18,<커여운고라니>,웃참
1900-01-01 00:32:18,<삼겹살굽기장인>,웃참
1900-01-01 00:32:18,<ma_me_>,실~패
1900-01-01 00:32:18,<롤_케이크>,슬픈생가가
1900-01-01 00:32:18,<버르장>,ㅋㅋㅋㅋㅋㅋㅋㅋㅋ
1900-01-01 00:32:19,<ddd19962001>,웃는거봐
1900-01-01 00:32:19,<dorajirajio>,고모돌리기
1900-01-01 00:32:19,<시민케인_>,결국
1900-01-01 00:32:19,<결핍소년>,깔깔유머집
1900-01-01 00:32:19,<말년후배>,우서?
1900-01-01 00:32:19,<8safetyzone8>,ㅋㅋㅋㅋㅋㅋㅋㅋㅋㅋㅋ
1900-01-01 00:32:19,<bbanggum>,!업타임
1900-01-01 00:32:19,<하숨진>,ㅋㅋㅋㅋ
1900-01-01 00:32:19,<vltmqvl527>,아
1900-01-01 00:32:19,<장씨12>,웃참실패
1900-01-01 00:32:20,<사냥견>,ㅋㅋㅋㅋㅋㅋㅋㅋㅋㅋㅋㅋㅋ
1900-01-01 00:32:20,<심폐생소술>,읽어준다매요
1900-01-01 00:32:20,<과치비나>,ㅋㅋㅋㅋㅋㅋㅋㅋㅋㅋㅋㅋㅋㅋㅋㅋㅋㅋㅋㅋㅋㅋㅋㅋㅋㅋㅋㅋㅋㅋㅋㅋㅋㅋㅋㅋㅋㅋㅋㅋㅋㅋ
1900-01-01 00:32:20,<기임칠득>,우서?
1900-01-01 00:32:20,<amsterdamer>,앗..
1900-01-01 00:32:20,<alpha1132>,왜
1900-01-01 00:32:21,<ddoo_dda>,웃참실패
1900-01-01 00:32:21,<eseszin>,우서?
1900-01-01 00:32:21,<으르렁개>,결국
1900-01-01 00:32:21,<blackburn1875nov>,책
1900-01-01 00:32:21,<crow362>,웃겨서
1900-01-01 00:32:21,<공룡부대찌개>,한번씩
1900-01-01 00:32:22,<야언>,ㅋㅋㅋㅋㅋㅋㅋ
1900-01-01 00:32:22,<신디유>,앗
1900-01-01 00:32:22,<xakesidor>,왜
1900-01-01 00:32:22,<잠실물방망이>,ㅋㅋㅋㅋㅋㅋㅋㅋㅋㅋㅋㅋㅋ
1900-01-01 00:32:23,<병착해라침건맨>,아
1900-01-01 00:32:23,<caesar_m_d>,웃음
1900-01-01 00:32:23,<침착하겐다즈>,깔깔
1900-01-01 00:32:23,<롤_케이크>,슬픈생각
1900-01-01 00:32:23,<몽구이>,고모고모
1900-01-01 00:32:23,<ekleljen>,읽어줘ㅓㅓ
1900-01-01 00:32:23,<물묻은놈>,고모도
1900-01-01 00:32:23,<이탷>,ㅋㅋㅋㅋㅋㅋㅋㅋ
1900-01-01 00:32:23,<장씨12>,앗..
1900-01-01 00:32:24,<신디유>,탈룰라
1900-01-01 00:32:24,<삼겹살굽기장인>,고모인데
1900-01-01 00:32:24,<징라리>,안볼거
1900-01-01 00:32:24,<후로구>,이나이모한테
1900-01-01 00:32:24,<마왕공손찬>,ㅋㅋㅋㅋㅋㅋ
1900-01-01 00:32:24,<dkssud9509>,우서?
1900-01-01 00:32:24,<basilpasto>,야
1900-01-01 00:32:24,<기영3>,우서?
1900-01-01 00:32:24,<rhxoxo>,빅
1900-01-01 00:32:25,<김따옥>,앗
1900-01-01 00:32:25,<코큰사람22>,쥬지??
1900-01-01 00:32:25,<라라인>,앗
1900-01-01 00:32:25,<어바드>,슬픈생각해!!!!
1900-01-01 00:32:26,<caesar_m_d>,ㅇㄱㅇ~
1900-01-01 00:32:26,<wo_ong92>,(다신
1900-01-01 00:32:26,<eustoma_russellianum>,한
1900-01-01 00:32:26,<ljgyd425>,앗
1900-01-01 00:32:26,<사학도>,앗
1900-01-01 00:32:26,<벤야민의안경>,ccaBS
1900-01-01 00:32:26,<hti84>,우서?
1900-01-01 00:32:26,<엣큥>,이걸
1900-01-01 00:32:27,<kjskjmkko2>,큰고모인데
1900-01-01 00:32:27,<루돌프의빨간코>,탈룰라on
1900-01-01 00:32:27,<침조씨사생스타>,ㅋㅋㅋㅋㅋㅋ
1900-01-01 00:32:27,<밤양겡>,책
1900-01-01 00:32:27,<zczn15564>,아빠가
1900-01-01 00:32:27,<고추사냥>,헉
1900-01-01 00:32:28,<유니티게임제작입문>,시가
1900-01-01 00:32:28,<기영3>,우서??
1900-01-01 00:32:28,<디미씨>,왜
1900-01-01 00:32:28,<8safetyzone8>,ㅋㅋㅋㅋㅋㅋㅋㅋㅋ
1900-01-01 00:32:28,<이탷>,ㅋㅋㅋㅋㅋㅋㅋㅋㅋㅋㅋㅋㅋ
1900-01-01 00:32:29,<내에에에에에맴>,ㅋㅋㅋㅋㅋㅋㅋㅋㅋㅋㅋㅋㅋㅋ
1900-01-01 00:32:29,<dupluck>,탈룰라할뻔
1900-01-01 00:32:29,<zeedmouse5>,라면받침행
1900-01-01 00:32:29,<bbanggum>,!
1900-01-01 00:32:29,<chopchop8016>,앗
1900-01-01 00:32:30,<구구09>,그럼
1900-01-01 00:32:30,<페이퍼미르>,참아
1900-01-01 00:32:30,<도롱룡>,웃지마!
1900-01-01 00:32:30,<준룩>,왜
1900-01-01 00:32:30,<sujimin00>,관절염이
1900-01-01 00:32:30,<crow362>,ㅋㅋㅋㅋㅋㅋㅋㅋㅋㅋㅋ
1900-01-01 00:32:30,<물묻은놈>,고모도
1900-01-01 00:32:30,<공룡부대찌개>,계속
1900-01-01 00:32:30,<eustoma_russellianum>,피식
1900-01-01 00:32:31,<오밤별>,틈이
1900-01-01 00:32:31,<chs1898>,고모고모
1900-01-01 00:32:31,<호돌또기>,오늘은
1900-01-01 00:32:31,<피이에스4>,푸흡
1900-01-01 00:32:31,<롤_케이크>,우서?
1900-01-01 00:32:31,<thermolab>,웃참
1900-01-01 00:32:31,<침착하겐다즈>,와
1900-01-01 00:32:32,<eseszin>,ㅋㅋㄱㅋㅋㅋㅋ
1900-01-01 00:32:32,<vvond3r_>,ㅋㅋㅋㅋㅋㅋㅋㅋㅋㅋㅋㅋㅋㅋㅋㅋㅋ
1900-01-01 00:32:32,<dney0629>,ㅋㅋㅋㅋㅋㅋㅋㅋㅋㅋㅋㅋㅋㅋ
1900-01-01 00:32:32,<__재리>,고모도
1900-01-01 00:32:32,<caesar_m_d>,탈룰라맨
1900-01-01 00:32:32,<ubi0806>,웃참
1900-01-01 00:32:33,<매운닭칼국수>,어쩐지
1900-01-01 00:32:33,<기의맨침착쁨>,"<<<<<<<<<<,"
1900-01-01 00:32:33,<구구09>,ㅋㅋㅋㅋㅋㅋㅋㅋㅋㅋㅋㅋㅋㅋㅋㅋㅋㅋㅋㅋㅋㅋㅋㅋㅋㅋㅋㅋㅋㅋㅋ
1900-01-01 00:32:33,<버디오>,집가다
1900-01-01 00:32:33,<안녕안녕안녕로봇>,우서?
1900-01-01 00:32:33,<청조아>,우서?
1900-01-01 00:32:34,<dkssud9509>,웃겨>/?
1900-01-01 00:32:34,<미아키드>,환하게
1900-01-01 00:32:34,<sonesone11>,짐짝맨님
1900-01-01 00:32:34,<crow362>,아
1900-01-01 00:32:34,<내에에에에에맴>,고모도
1900-01-01 00:32:34,<duralumin95>,선넘네
1900-01-01 00:32:35,<럭키맨님>,낭송
1900-01-01 00:32:35,<심폐생소술>,하나
1900-01-01 00:32:35,<삼겹살굽기장인>,님은요
1900-01-01 00:32:35,<고추사냥>,ㅈㅅ
1900-01-01 00:32:35,<공룡부대찌개>,니가
1900-01-01 00:32:35,<잠실물방망이>,??
1900-01-01 00:32:35,<thermolab>, 웃참 ㄴ
1900-01-01 00:32:35,<엉클이>,이걸
1900-01-01 00:32:35,<침착하겐다즈>,웃참
1900-01-01 00:32:35,<행복한치즈감자>,ㅋㅋㅋㅋㅋㅋㅋㅋㅋㅋㅋㅋ
1900-01-01 00:32:35,<basilpasto>,우서?
1900-01-01 00:32:35,<khg0398>,ㅋㅋㅋㅋㅋㅋㅋㅋㅋ
1900-01-01 00:32:35,<커여운고라니>,??????
1900-01-01 00:32:35,<으르렁개>,<<<<<<
1900-01-01 00:32:35,<슌댱뮤>,뒷광고?
1900-01-01 00:32:36,<버르장>,ㅋㅋㅋㅋㅋㅋㅋㅋㅋㅋㅋㅋㅋ
1900-01-01 00:32:36,<연미복침착맨>,유머집보다
1900-01-01 00:32:36,<ddoo_dda>,"<<<<<<,,"
1900-01-01 00:32:36,<서순맨>,자기는
1900-01-01 00:32:36,<amsterdamer>,ㅁㅊ
1900-01-01 00:32:36,<마왕공손찬>,ㅋㅋㅋㅋㅋㅋㅋㅋㅋㅋㅋㅋㅋ
1900-01-01 00:32:36,<도롱룡>,ㅋㅋㅋㅋㅋㅋㅋㅋㅋㅋㅋ
1900-01-01 00:32:36,<존롤조스스턴조두조짱>,쓰읍!
1900-01-01 00:32:36,<읍으비>,고모
1900-01-01 00:32:36,<유니티게임제작입문>,ㅋㅋㅋㅋㅋㅋㅋㅋㅋㅋㅋㅋㅋㅋㅋㅋㅋㅋ
1900-01-01 00:32:37,<결핍소년>,ㅋㅋㅋㅋㅋㅋㅋㅋㅋㅋㅋㅋㅋ
1900-01-01 00:32:37,<삼색다람쥐>,ㅋㅋㅋㅋㅋㅋㅋㅋㅋㅋㅋㅋㅋ
1900-01-01 00:32:37,<시골소년1>,ㅋㅋㅋㅋㅋㅋㅋ
1900-01-01 00:32:38,<duralumin95>,우서?
1900-01-01 00:32:38,<무루둥둥>,ㅋㅋㅋㅋㅋㅋㅋ
1900-01-01 00:32:38,<dkssud9509>,웃겨?
1900-01-01 00:32:38,<ubi0806>,ㅋㅋㅋㅋㅋㅋㅋㅋㅋㅋㅋㅋㅋㅋㅋㅋㅋㅋㅋㅋㅋㅋㅋㅋㅋㅋㅋㅋ
1900-01-01 00:32:38,<두두뚠뚜>,아
1900-01-01 00:32:38,<신디유>,지가
1900-01-01 00:32:38,<8safetyzone8>,ㅋㅋㅋㅋㅋㅋㅋㅋㅋㅋㅋㅋㅋㅋㅋㅋㅋㅋㅋㅋ
1900-01-01 00:32:38,<monya222>,저
1900-01-01 00:32:38,<회갱>,쓰읍
1900-01-01 00:32:38,<어린이집반장>,ㅋㅋㅋㅋㅋㅋㅋㅋㅋㅋㅋㅋㅋㅋ
1900-01-01 00:32:38,<khg0398>,ㅁㅊㅋㅋㅋㅋㅋㅋㅋㅋ
1900-01-01 00:32:38,<머욱_>,???
1900-01-01 00:32:38,<포동포동감자>,ㅋㅋㅋㅋㅋㅋㅋㅋㅋㅋㅋㅋㅋㅋㅋㅋㅋㅋㅋㅋㅋㅋㅋㅋㅋㅋㅋㅋㅋㅋㅋㅋㅋㅋㅋㅋㅋㅋ
1900-01-01 00:32:38,<럭키맨님>,ㅋㅋㅋㅋㅋㅋ
1900-01-01 00:32:38,<침착하겐다즈>,<<<<<<<<<<<<<
1900-01-01 00:32:39,<eustoma_russellianum>,피식
1900-01-01 00:32:39,<롤_케이크>,돌돌돌
1900-01-01 00:32:39,<닭꾜치>,폭룡의시
1900-01-01 00:32:39,<little175>,ㄹㅇㅋㅋ
1900-01-01 00:32:39,<아재가요>,탈룰라맨
1900-01-01 00:32:39,<둥글레팟으타>,고모까지
1900-01-01 00:32:39,<오늘의_야식>,ㅋㅋㅋㅋㅋㅋㅋㅋㅋㅋ
1900-01-01 00:32:39,<꿀주먹냥냥>,!업타임
1900-01-01 00:32:39,<청조아>,ㅋㅋㅋㅋㅋㅋㅋㅋㅋ
1900-01-01 00:32:39,<caesar_m_d>,ㅋㅋㅋㅋㅋㅋㅋㅋㅋㅋㅋㅋㅋㅋㅋㅋㅋㅋㅋㅋㅋ
1900-01-01 00:32:39,<noa885a>,ㅋㅋㅋㅋㅋㅋㅋㅋㅋ
1900-01-01 00:32:39,<과치비나>,웃참
1900-01-01 00:32:39,<고추사냥>,ㅋㅋㅋㅋㅋㅋㅋㅋㅋㅋㅋㅋㅋㅋㅋㅋㅋㅋㅋㅋㅋㅋㅋㅋㅋㅋㅋㅋ
1900-01-01 00:32:39,<관종만렙>,지는
1900-01-01 00:32:40,<당근_토끼>,ㅋㅋㅋㅋㅋㅋ
1900-01-01 00:32:40,<기임칠득>,"<<<<<<<<<<<<<,"
1900-01-01 00:32:40,<레알환자>,ㅋㅋㅋㅋㅋㅋ
1900-01-01 00:32:40,<잉여최강>,돌리고
1900-01-01 00:32:40,<도솝>,아뇨
1900-01-01 00:32:40,<오밤별>,ㅋㅋㅋㅋㅋㅋㅋㅋㅋㅋㅋㅋㅋㅋㅋㅋㅋㅋㅋㅋㅋㅋㅋㅋㅋㅋㅋㅋㅋㅋㅋㅋㅋ
1900-01-01 00:32:40,<dkssud9509>,웃겨?
1900-01-01 00:32:40,<잠실물방망이>,미친ㅋㅋㅋ
1900-01-01 00:32:40,<dl961212>,<<<
1900-01-01 00:32:40,<duralumin95>,선넘네;;;
1900-01-01 00:32:40,<이금자>,ㅋㅋㅋㅋㅋㅋㅋㅋㅋㅋㅋㅋㅋㅋㅋㅋㅋㅋㅋㅋㅋㅋㅋㅋㅋㅋㅋㅋㅋㅋㅋㅋㅋㅋㅋㅋㅋㅋㅋㅋㅋㅋㅋ
1900-01-01 00:32:40,<녀엉>,ㅋㅋㅋㅋㅋㅋㅋ
1900-01-01 00:32:41,<9mm_hollow>,정색맨
1900-01-01 00:32:41,<마니크다>,고모도
1900-01-01 00:32:41,<돈이채고야>,어허
1900-01-01 00:32:41,<으르렁개>,돌림
1900-01-01 00:32:41,<모둠산낙지볶음>,아직까지
1900-01-01 00:32:41,<짤수행자>,웃어?
1900-01-01 00:32:41,<마쉬멜로니>,ㅋㅋㅋㅋㅋㅋㅋㅋ
1900-01-01 00:32:42,<zeedmouse5>,ㅋㅋㅋㅋㅋㅋㅋㅋㅋ
1900-01-01 00:32:42,<후원맨>,우서?
1900-01-01 00:32:42,<공룡부대찌개>,ㅋㅋㅋㅋㅋㅋㅋㅋㅋㅋㅋㅋ
1900-01-01 00:32:42,<마스킹>,ㅋㅋㅋㅋㅋㅋㅋㅋㅋㅋㅋㅋㅋㅋㅋㅋㅋㅋㅋㅋㅋㅋㅋ
1900-01-01 00:32:42,<ddd19962001>,ㅋㅋㅋㅋㅋ
1900-01-01 00:32:42,<dooooooctor>,커엽
1900-01-01 00:32:42,<crow362>,웃음
1900-01-01 00:32:42,<hae_bong>,ㅋㅋㅋㅋㅋㅋㅋㅋㅋㅋㅋㅋㅋ
1900-01-01 00:32:42,<eseszin>,말넘심ㅋㅋ
1900-01-01 00:32:42,<롤_케이크>,ㅋㅋㅋㅋㅋㅋㅋㅋㅋㅋㅋㅋㅋㅋㅋㅋㅋㅋㅋㅋㅋㅋㅋㅋㅋㅋㅋㅋㅋㅋㅋㅋㅋㅋ
1900-01-01 00:32:42,<ma_me_>,탈룰라
1900-01-01 00:32:42,<알마게스트>,ㅋㅋㅋㅋㅋㅋㅋㅋㅋㅋㅋㅋㅋㅋㅋㅋㅋㅋㅋㅋㅋ
1900-01-01 00:32:43,<김나박>,ㅋㅋㅋㅋ
1900-01-01 00:32:43,<chopchop8016>,ㅋㅋㅋㅋㅋㅋ
1900-01-01 00:32:43,<돌숭이동인지>,고모님이
1900-01-01 00:32:43,<dkssud9509>,웃겨?
1900-01-01 00:32:43,<ddoo_dda>,ㅋㅋㅋㅋㅋㅋㅋㅋ
1900-01-01 00:32:44,<rhxoxo>,왜
1900-01-01 00:32:44,<panda605>,CoolStoryBob
1900-01-01 00:32:44,<thermolab>,이악물고
1900-01-01 00:32:44,<디미씨>,시가
1900-01-01 00:32:44,<해부학마스터>,ㅋㅋㅋㅋㅋㅋㅋㅋㅋㅋㅋㅋㅋㅋㅋㅋㅋㅋㅋㅋㅋㅋㅋㅋㅋㅋ
1900-01-01 00:32:44,<밤월>,ㅋㅋㅋㅋㅋㅋㅋㅋㅋㅋ
1900-01-01 00:32:44,<xhdskan123>,우서??
1900-01-01 00:32:45,<침착한철용좌>,고모도
1900-01-01 00:32:45,<구구09>,시리다..
1900-01-01 00:32:45,<사학도>,ㅋㅋㅋㅋㅋㅋㅋㅋㅋㅋ
1900-01-01 00:32:47,<침착하겐다즈>,슬픈생각~
1900-01-01 00:32:47,<삼겹살굽기장인>,제목부터
1900-01-01 00:32:47,<레알환자>,ㄴ
1900-01-01 00:32:47,<마쉬멜로니>,고모돌린데
1900-01-01 00:32:47,<0활성산소0>,좋은생각
1900-01-01 00:32:47,<eustoma_russellianum>,아
1900-01-01 00:32:47,<시민케인_>,ㄴㄴ
1900-01-01 00:32:48,<옆집트수>,없는ㄴ데요
1900-01-01 00:32:48,<벤야민의안경>,ccaBS
1900-01-01 00:32:48,<관종만렙>,웃겨?
1900-01-01 00:32:48,<심폐생소술>,고모도왕도마뱀
1900-01-01 00:32:48,<caesar_m_d>,고모도
1900-01-01 00:32:49,<뚜웳>,고모가
1900-01-01 00:32:49,<밤양겡>,민망할때도
1900-01-01 00:32:49,<쿨루>,없는데요;;
1900-01-01 00:32:49,<공룡부대찌개>,그러다
1900-01-01 00:32:49,<ljgyd425>,그
1900-01-01 00:32:49,<sujimin00>,ㅋㅋㅋㅋㅋㄱㄱㅋ
1900-01-01 00:32:49,<청조아>,참을려고도
1900-01-01 00:32:49,<eseszin>,당혹?
1900-01-01 00:32:49,<gomugod12>,방장님도
1900-01-01 00:32:50,<겨울여름>,고모시를
1900-01-01 00:32:50,<mykingbird>,골룰라
1900-01-01 00:32:50,<루돌프의빨간코>,?
1900-01-01 00:32:51,<신디유>,ㄹㅇ
1900-01-01 00:32:51,<밤월>,고모를
1900-01-01 00:32:51,<crow362>,시가
1900-01-01 00:32:51,<김치특공대>,허허허
1900-01-01 00:32:51,<미아키드>,맹맹하다~
1900-01-01 00:32:51,<레알환자>,없는데요
1900-01-01 00:32:51,<duralumin95>,맷돌맨
1900-01-01 00:32:52,<YeahYeahYeahs>,응
1900-01-01 00:32:52,<안녕안녕안녕로봇>,시가
1900-01-01 00:32:52,<구라파미술학도>,ㅋㅋㅋㅋ
1900-01-01 00:32:53,<dkssud9509>,웃겨?
1900-01-01 00:32:53,<밤양겡>,ㄹㅇㅋㅋ
1900-01-01 00:32:53,<ma_me_>,ㅋㅋㅋㅋㅋㅋㅋㅋㅋ
1900-01-01 00:32:53,<kihn321>,관절염이
1900-01-01 00:32:53,<기영3>,아닌데요;;;
1900-01-01 00:32:53,<제임스브라우니>,ㅇㅈ
1900-01-01 00:32:53,<잉여최강>,방구뀌려다
1900-01-01 00:32:54,<침착하겐다즈>,고모도왕도마뱀
1900-01-01 00:32:54,<침착찌계>,ㅋㅋㅋㅋㅋㅋㅋㅋㅋ미친놈들인가
1900-01-01 00:32:54,<삼겹살굽기장인>,룩삼도
1900-01-01 00:32:54,<칙촉한로션>,잊지
1900-01-01 00:32:55,<netguy2>,ㅔ
1900-01-01 00:32:55,<chocotintin_taste_good>,고모를
1900-01-01 00:32:55,<매곡리가시밭>,매너~
1900-01-01 00:32:55,<ddoo_dda>,없는데요
1900-01-01 00:32:55,<amsterdamer>,짜개?
1900-01-01 00:32:55,<thermolab>,짜개
1900-01-01 00:32:55,<사냥견>,고모가
1900-01-01 00:32:55,<후원맨>,ㄴㄴ
1900-01-01 00:32:56,<말년후배>,웃참한적은
1900-01-01 00:32:56,<알마게스트>,어이가
1900-01-01 00:32:56,<옆집트수>,그럼
1900-01-01 00:32:56,<caesar_m_d>,고모도왕도마뱀
1900-01-01 00:32:56,<Asqwertyuu>,당황맨
1900-01-01 00:32:56,<dney0629>,ㅋㅋㅋㅋㅋㅋㅋㅋㅋㅋㅋㅋ
1900-01-01 00:32:56,<롤_케이크>,민망?
1900-01-01 00:32:56,<daydream1102>,헛웃음
1900-01-01 00:32:56,<사학도>,그렇다고
1900-01-01 00:32:56,<tlsxlsk>,웃참on
1900-01-01 00:32:57,<ddd19962001>,저도
1900-01-01 00:32:57,<다시사회로>,야
1900-01-01 00:32:57,<럭키맨님>,아하하하하하
1900-01-01 00:32:57,<eustoma_russellianum>,동해물과
1900-01-01 00:32:57,<침착하겐다즈>,ㄴㄴ
1900-01-01 00:32:57,<회갱>,ㄷㄷㄷㄷㄷㄷㄷ
1900-01-01 00:32:57,<게임스데모스>,헉
1900-01-01 00:32:58,<황제대행>,조커
1900-01-01 00:32:58,<muzury>,그렇긴
1900-01-01 00:32:58,<복태>,ㄷㄷㄷㄷ
1900-01-01 00:32:58,<구구09>,ㅋㅋㅋㅋㅋㅋㅋㅋㅋㅋㅋㅋㅋㅋㅋㅋㅋㅋㅋ
1900-01-01 00:32:58,<eseszin>,시가
1900-01-01 00:32:58,<둥글레팟으타>,웃겨야
1900-01-01 00:32:58,<밤양겡>,짝
1900-01-01 00:32:58,<jinbk02>,ㅋㅋㅋㅋㅋㅋㅋㅋㅋㅋㅋ
1900-01-01 00:32:58,<루돌프의빨간코>,그럼
1900-01-01 00:32:59,<존롤조스스턴조두조짱>,그
1900-01-01 00:32:59,<호돌또기>,이악물고
1900-01-01 00:32:59,<monya222>,이
1900-01-01 00:32:59,<행복한치즈감자>,쪼개
1900-01-01 00:32:59,<ddoo_dda>,?
1900-01-01 00:32:59,<amsterdamer>,짜
1900-01-01 00:32:59,<슌댱뮤>,<<<<<<<
1900-01-01 00:32:59,<무슈장>,ㄷ
1900-01-01 00:32:59,<침덩이립버전무료다운로드>,군대로
1900-01-01 00:33:00,<chopchop8016>,없는데요
1900-01-01 00:33:00,<쾌락천비스트>,일진맨
1900-01-01 00:33:00,<김굴비님>,군대때
1900-01-01 00:33:00,<ljgyd425>,ㄷㄷㄷㄷㄷㄷㄷㄷㄷㄷㄷ
1900-01-01 00:33:00,<joyushin12>,ㅋㅋㅋㅋㅋㅋㅋㅋㅋ
1900-01-01 00:33:00,<갈치갈치>,ㅋㅋㅋㅋㅋㅋㅋㅋㅋㅋㅋㅋㅋ
1900-01-01 00:33:00,<룩얍준>,안산
1900-01-01 00:33:00,<hyhy131>,일찐맨
1900-01-01 00:33:00,<밥도둑명란김>,고모돌리기
1900-01-01 00:33:00,<나의침저씨>,ㄷㄷㄷㄷㄷ
1900-01-01 00:33:00,<gomugod12>,ㅋㅋㅋㅋㅋㅋㅋㅋ
1900-01-01 00:33:00,<김진사>,??
1900-01-01 00:33:01,<검찰>,고모의
1900-01-01 00:33:01,<jonghun0705>,최강록
1900-01-01 00:33:01,<페이퍼미르>,ㄷㄷㄷ
1900-01-01 00:33:01,<기임칠득>,거짓말할때
1900-01-01 00:33:01,<썽큰>,짜게?
1900-01-01 00:33:01,<ddoo_dda>,ㄷㄷㄷ
1900-01-01 00:33:01,<제임스브라우니>,어이없는
1900-01-01 00:33:01,<bluewinter1222>,불꽃
1900-01-01 00:33:02,<회갱>,안산드레아스
1900-01-01 00:33:02,<슌댱뮤>,일진맨
1900-01-01 00:33:02,<마스킹>,남
1900-01-01 00:33:02,<thermolab>,짜개
1900-01-01 00:33:02,<옆집트수>,웃으니까
1900-01-01 00:33:02,<결핍소년>,본인의
1900-01-01 00:33:02,<유리리>,ㅋㅋㅋㅋㅋㅋㅋㅋㅋㅋㅋㅋㅋㅋㅋㅋㅋㅋㅋㅋㅋㅋㅋㅋㅋㅋㅋㅋㅋㅋㅋㅋ
1900-01-01 00:33:02,<xakesidor>,안산
1900-01-01 00:33:02,<ZIHWAZA>,그것이
1900-01-01 00:33:02,<뿌잉찐>,어...
1900-01-01 00:33:03,<ddoo_dda>,일진
1900-01-01 00:33:03,<관종만렙>,일찐맨
1900-01-01 00:33:03,<디미씨>,그거
1900-01-01 00:33:03,<마루루루_>,PTSD
1900-01-01 00:33:04,<거짓말이라고해줘>,해봤네
1900-01-01 00:33:04,<wo_ong92>,역시
1900-01-01 00:33:04,<Asqwertyuu>,안산드레아스
1900-01-01 00:33:04,<황제대행>,안산
1900-01-01 00:33:04,<보송보송알파카>,안산식
1900-01-01 00:33:04,<먹황새끼>,안
1900-01-01 00:33:04,<Rainbowteinkle>,ㅋㅋㅋㅋㅋㄱㅋㄱ
1900-01-01 00:33:04,<트위치시청자532>,역시
1900-01-01 00:33:04,<명수야>,할거
1900-01-01 00:33:05,<칙촉한로션>,ㅋㅋㅋㅋㅋㅋㅋㅋㅋ
1900-01-01 00:33:05,<mlt_luv>,일진
1900-01-01 00:33:05,<chocotintin_taste_good>,고모를
1900-01-01 00:33:05,<내에에에에에맴>,아싸좋구나
1900-01-01 00:33:05,<슈에루>,ㄷㄷ...잘아시네
1900-01-01 00:33:05,<커여운고라니>,병건아
1900-01-01 00:33:05,<연미복침착맨>,고모님
1900-01-01 00:33:05,<alpha1132>,안삲ㄷㄷㄷ
1900-01-01 00:33:05,<미아키드>,맹맹해지겠네요
1900-01-01 00:33:06,<jun3300>,맞으면
1900-01-01 00:33:06,<롤_케이크>,ㄷㄷ
1900-01-01 00:33:06,<duralumin95>,안산
1900-01-01 00:33:06,<털통>,안산했네요
1900-01-01 00:33:06,<밤양겡>,일찐
1900-01-01 00:33:06,<dl961212>,짜개?
1900-01-01 00:33:06,<말년후배>,웃참
1900-01-01 00:33:06,<ddoo_dda>,일진맨
1900-01-01 00:33:07,<매일풀업50개>,ㄷㄷ
1900-01-01 00:33:07,<jonghun0705>,최강록도르
1900-01-01 00:33:07,<황제대행>,안산
1900-01-01 00:33:07,<도롱룡>,쪼개?
1900-01-01 00:33:07,<기의맨침착쁨>,경험담
1900-01-01 00:33:07,<탑게이>,맞음
1900-01-01 00:33:07,<겨울여름>,말죽거리ㄷㄷ
1900-01-01 00:33:07,<김치특공대>,아찔한
1900-01-01 00:33:08,<YeahYeahYeahs>,그럼
1900-01-01 00:33:08,<muzury>,그럴
1900-01-01 00:33:08,<caesar_m_d>,고모님도
1900-01-01 00:33:08,<몽여우>,<<<때린사람
1900-01-01 00:33:08,<침착하겐다즈>,ㄷㄷ..
1900-01-01 00:33:08,<공룡부대찌개>,방금은
1900-01-01 00:33:08,<zczn15564>,기가차서
1900-01-01 00:33:09,<쿨루>,웃는다고
1900-01-01 00:33:09,<고닉고로시>,안산식
1900-01-01 00:33:09,<akaguma1>,시가
1900-01-01 00:33:09,<crow362>,웃겨서
1900-01-01 00:33:09,<ubi0806>,안산
1900-01-01 00:33:09,<쿠워>,웃음이
1900-01-01 00:33:09,<롤_케이크>,ptsd
1900-01-01 00:33:09,<베델스>,그것이
